prd,url
MensCare_BodyCare,https://www.oliveyoung.co.kr/store/goods/getGoodsDetail.do?goodsNo=A000000182127&dispCatNo=100000100070011&trackingCd=Cat100000100070011_Small&t_page=카테고리관&t_click=바디케어_전체__상품상세&t_number=1
MensCare_BodyCare,https://www.oliveyoung.co.kr/store/goods/getGoodsDetail.do?goodsNo=A000000205802&dispCatNo=100000100070011&trackingCd=Cat100000100070011_Small&t_page=카테고리관&t_click=바디케어_전체__상품상세&t_number=2
MensCare_BodyCare,https://www.oliveyoung.co.kr/store/goods/getGoodsDetail.do?goodsNo=A000000229692&dispCatNo=100000100070011&trackingCd=Cat100000100070011_Small&t_page=카테고리관&t_click=바디케어_전체__상품상세&t_number=3
MensCare_BodyCare,https://www.oliveyoung.co.kr/store/goods/getGoodsDetail.do?goodsNo=A000000102321&dispCatNo=100000100070011&trackingCd=Cat100000100070011_Small&t_page=카테고리관&t_click=바디케어_전체__상품상세&t_number=4
MensCare_BodyCare,https://www.oliveyoung.co.kr/store/goods/getGoodsDetail.do?goodsNo=A000000152332&dispCatNo=100000100070011&trackingCd=Cat100000100070011_Small&t_page=카테고리관&t_click=바디케어_전체__상품상세&t_number=5
MensCare_BodyCare,https://www.oliveyoung.co.kr/store/goods/getGoodsDetail.do?goodsNo=A000000001900&dispCatNo=100000100070011&trackingCd=Cat100000100070011_Small&t_page=카테고리관&t_click=바디케어_전체__상품상세&t_number=6
MensCare_BodyCare,https://www.oliveyoung.co.kr/store/goods/getGoodsDetail.do?goodsNo=A000000015972&dispCatNo=100000100070011&trackingCd=Cat100000100070011_Small&t_page=카테고리관&t_click=바디케어_전체__상품상세&t_number=7
MensCare_BodyCare,https://www.oliveyoung.co.kr/store/goods/getGoodsDetail.do?goodsNo=A000000175965&dispCatNo=100000100070011&trackingCd=Cat100000100070011_Small&t_page=카테고리관&t_click=바디케어_전체__상품상세&t_number=8
MensCare_BodyCare,https://www.oliveyoung.co.kr/store/goods/getGoodsDetail.do?goodsNo=A000000187203&dispCatNo=100000100070011&trackingCd=Cat100000100070011_Small&t_page=카테고리관&t_click=바디케어_전체__상품상세&t_number=9
MensCare_BodyCare,https://www.oliveyoung.co.kr/store/goods/getGoodsDetail.do?goodsNo=A000000208023&dispCatNo=100000100070011&trackingCd=Cat100000100070011_Small&t_page=카테고리관&t_click=바디케어_전체__상품상세&t_number=10
MensCare_BodyCare,https://www.oliveyoung.co.kr/store/goods/getGoodsDetail.do?goodsNo=A000000208018&dispCatNo=100000100070011&trackingCd=Cat100000100070011_Small&t_page=카테고리관&t_click=바디케어_전체__상품상세&t_number=11
MensCare_BodyCare,https://www.oliveyoung.co.kr/store/goods/getGoodsDetail.do?goodsNo=A000000228518&dispCatNo=100000100070011&trackingCd=Cat100000100070011_Small&t_page=카테고리관&t_click=바디케어_전체__상품상세&t_number=12
MensCare_BodyCare,https://www.oliveyoung.co.kr/store/goods/getGoodsDetail.do?goodsNo=A000000161276&dispCatNo=100000100070011&trackingCd=Cat100000100070011_Small&t_page=카테고리관&t_click=바디케어_전체__상품상세&t_number=13
MensCare_BodyCare,https://www.oliveyoung.co.kr/store/goods/getGoodsDetail.do?goodsNo=A000000153504&dispCatNo=100000100070011&trackingCd=Cat100000100070011_Small&t_page=카테고리관&t_click=바디케어_전체__상품상세&t_number=14
MensCare_BodyCare,https://www.oliveyoung.co.kr/store/goods/getGoodsDetail.do?goodsNo=A000000143123&dispCatNo=100000100070011&trackingCd=Cat100000100070011_Small&t_page=카테고리관&t_click=바디케어_전체__상품상세&t_number=15
MensCare_BodyCare,https://www.oliveyoung.co.kr/store/goods/getGoodsDetail.do?goodsNo=A000000004636&dispCatNo=100000100070011&trackingCd=Cat100000100070011_Small&t_page=카테고리관&t_click=바디케어_전체__상품상세&t_number=16
MensCare_BodyCare,https://www.oliveyoung.co.kr/store/goods/getGoodsDetail.do?goodsNo=A000000161275&dispCatNo=100000100070011&trackingCd=Cat100000100070011_Small&t_page=카테고리관&t_click=바디케어_전체__상품상세&t_number=17
MensCare_BodyCare,https://www.oliveyoung.co.kr/store/goods/getGoodsDetail.do?goodsNo=A000000228496&dispCatNo=100000100070011&trackingCd=Cat100000100070011_Small&t_page=카테고리관&t_click=바디케어_전체__상품상세&t_number=18
MensCare_BodyCare,https://www.oliveyoung.co.kr/store/goods/getGoodsDetail.do?goodsNo=A000000214802&dispCatNo=100000100070011&trackingCd=Cat100000100070011_Small&t_page=카테고리관&t_click=바디케어_전체__상품상세&t_number=19
MensCare_BodyCare,https://www.oliveyoung.co.kr/store/goods/getGoodsDetail.do?goodsNo=A000000171625&dispCatNo=100000100070011&trackingCd=Cat100000100070011_Small&t_page=카테고리관&t_click=바디케어_전체__상품상세&t_number=20
MensCare_BodyCare,https://www.oliveyoung.co.kr/store/goods/getGoodsDetail.do?goodsNo=A000000143992&dispCatNo=100000100070011&trackingCd=Cat100000100070011_Small&t_page=카테고리관&t_click=바디케어_전체__상품상세&t_number=21
MensCare_BodyCare,https://www.oliveyoung.co.kr/store/goods/getGoodsDetail.do?goodsNo=A000000175914&dispCatNo=100000100070011&trackingCd=Cat100000100070011_Small&t_page=카테고리관&t_click=바디케어_전체__상품상세&t_number=22
MensCare_BodyCare,https://www.oliveyoung.co.kr/store/goods/getGoodsDetail.do?goodsNo=A000000225176&dispCatNo=100000100070011&trackingCd=Cat100000100070011_Small&t_page=카테고리관&t_click=바디케어_전체__상품상세&t_number=23
MensCare_BodyCare,https://www.oliveyoung.co.kr/store/goods/getGoodsDetail.do?goodsNo=A000000154062&dispCatNo=100000100070011&trackingCd=Cat100000100070011_Small&t_page=카테고리관&t_click=바디케어_전체__상품상세&t_number=24
MensCare_BodyCare,https://www.oliveyoung.co.kr/store/goods/getGoodsDetail.do?goodsNo=A000000182276&dispCatNo=100000100070011&trackingCd=Cat100000100070011_Small&t_page=카테고리관&t_click=바디케어_전체__상품상세&t_number=25
MensCare_BodyCare,https://www.oliveyoung.co.kr/store/goods/getGoodsDetail.do?goodsNo=A000000209237&dispCatNo=100000100070011&trackingCd=Cat100000100070011_Small&t_page=카테고리관&t_click=바디케어_전체__상품상세&t_number=26
MensCare_BodyCare,https://www.oliveyoung.co.kr/store/goods/getGoodsDetail.do?goodsNo=A000000209239&dispCatNo=100000100070011&trackingCd=Cat100000100070011_Small&t_page=카테고리관&t_click=바디케어_전체__상품상세&t_number=27
MensCare_BodyCare,https://www.oliveyoung.co.kr/store/goods/getGoodsDetail.do?goodsNo=A000000009065&dispCatNo=100000100070011&trackingCd=Cat100000100070011_Small&t_page=카테고리관&t_click=바디케어_전체__상품상세&t_number=28
MensCare_BodyCare,https://www.oliveyoung.co.kr/store/goods/getGoodsDetail.do?goodsNo=A000000011092&dispCatNo=100000100070011&trackingCd=Cat100000100070011_Small&t_page=카테고리관&t_click=바디케어_전체__상품상세&t_number=29
MensCare_BodyCare,https://www.oliveyoung.co.kr/store/goods/getGoodsDetail.do?goodsNo=A000000011094&dispCatNo=100000100070011&trackingCd=Cat100000100070011_Small&t_page=카테고리관&t_click=바디케어_전체__상품상세&t_number=30
MensCare_BodyCare,https://www.oliveyoung.co.kr/store/goods/getGoodsDetail.do?goodsNo=A000000102320&dispCatNo=100000100070011&trackingCd=Cat100000100070011_Small&t_page=카테고리관&t_click=바디케어_전체__상품상세&t_number=31
MensCare_BodyCare,https://www.oliveyoung.co.kr/store/goods/getGoodsDetail.do?goodsNo=A000000113204&dispCatNo=100000100070011&trackingCd=Cat100000100070011_Small&t_page=카테고리관&t_click=바디케어_전체__상품상세&t_number=32
MensCare_BodyCare,https://www.oliveyoung.co.kr/store/goods/getGoodsDetail.do?goodsNo=A000000116959&dispCatNo=100000100070011&trackingCd=Cat100000100070011_Small&t_page=카테고리관&t_click=바디케어_전체__상품상세&t_number=33
MensCare_BodyCare,https://www.oliveyoung.co.kr/store/goods/getGoodsDetail.do?goodsNo=A000000120449&dispCatNo=100000100070011&trackingCd=Cat100000100070011_Small&t_page=카테고리관&t_click=바디케어_전체__상품상세&t_number=34
MensCare_BodyCare,https://www.oliveyoung.co.kr/store/goods/getGoodsDetail.do?goodsNo=A000000125836&dispCatNo=100000100070011&trackingCd=Cat100000100070011_Small&t_page=카테고리관&t_click=바디케어_전체__상품상세&t_number=35
MensCare_BodyCare,https://www.oliveyoung.co.kr/store/goods/getGoodsDetail.do?goodsNo=A000000125846&dispCatNo=100000100070011&trackingCd=Cat100000100070011_Small&t_page=카테고리관&t_click=바디케어_전체__상품상세&t_number=36
MensCare_BodyCare,https://www.oliveyoung.co.kr/store/goods/getGoodsDetail.do?goodsNo=A000000130195&dispCatNo=100000100070011&trackingCd=Cat100000100070011_Small&t_page=카테고리관&t_click=바디케어_전체__상품상세&t_number=37
MensCare_BodyCare,https://www.oliveyoung.co.kr/store/goods/getGoodsDetail.do?goodsNo=A000000131807&dispCatNo=100000100070011&trackingCd=Cat100000100070011_Small&t_page=카테고리관&t_click=바디케어_전체__상품상세&t_number=38
MensCare_BodyCare,https://www.oliveyoung.co.kr/store/goods/getGoodsDetail.do?goodsNo=A000000139043&dispCatNo=100000100070011&trackingCd=Cat100000100070011_Small&t_page=카테고리관&t_click=바디케어_전체__상품상세&t_number=39
MensCare_BodyCare,https://www.oliveyoung.co.kr/store/goods/getGoodsDetail.do?goodsNo=A000000142355&dispCatNo=100000100070011&trackingCd=Cat100000100070011_Small&t_page=카테고리관&t_click=바디케어_전체__상품상세&t_number=40
MensCare_BodyCare,https://www.oliveyoung.co.kr/store/goods/getGoodsDetail.do?goodsNo=A000000143120&dispCatNo=100000100070011&trackingCd=Cat100000100070011_Small&t_page=카테고리관&t_click=바디케어_전체__상품상세&t_number=41
MensCare_BodyCare,https://www.oliveyoung.co.kr/store/goods/getGoodsDetail.do?goodsNo=A000000143220&dispCatNo=100000100070011&trackingCd=Cat100000100070011_Small&t_page=카테고리관&t_click=바디케어_전체__상품상세&t_number=42
MensCare_BodyCare,https://www.oliveyoung.co.kr/store/goods/getGoodsDetail.do?goodsNo=A000000143837&dispCatNo=100000100070011&trackingCd=Cat100000100070011_Small&t_page=카테고리관&t_click=바디케어_전체__상품상세&t_number=43
MensCare_BodyCare,https://www.oliveyoung.co.kr/store/goods/getGoodsDetail.do?goodsNo=A000000149843&dispCatNo=100000100070011&trackingCd=Cat100000100070011_Small&t_page=카테고리관&t_click=바디케어_전체__상품상세&t_number=44
MensCare_BodyCare,https://www.oliveyoung.co.kr/store/goods/getGoodsDetail.do?goodsNo=A000000154377&dispCatNo=100000100070011&trackingCd=Cat100000100070011_Small&t_page=카테고리관&t_click=바디케어_전체__상품상세&t_number=45
MensCare_BodyCare,https://www.oliveyoung.co.kr/store/goods/getGoodsDetail.do?goodsNo=A000000160934&dispCatNo=100000100070011&trackingCd=Cat100000100070011_Small&t_page=카테고리관&t_click=바디케어_전체__상품상세&t_number=46
MensCare_BodyCare,https://www.oliveyoung.co.kr/store/goods/getGoodsDetail.do?goodsNo=A000000160940&dispCatNo=100000100070011&trackingCd=Cat100000100070011_Small&t_page=카테고리관&t_click=바디케어_전체__상품상세&t_number=47
MensCare_BodyCare,https://www.oliveyoung.co.kr/store/goods/getGoodsDetail.do?goodsNo=A000000161277&dispCatNo=100000100070011&trackingCd=Cat100000100070011_Small&t_page=카테고리관&t_click=바디케어_전체__상품상세&t_number=48
MensCare_BodyCare,https://www.oliveyoung.co.kr/store/goods/getGoodsDetail.do?goodsNo=A000000166625&dispCatNo=100000100070011&trackingCd=Cat100000100070011_Small&t_page=카테고리관&t_click=바디케어_전체__상품상세&t_number=49
MensCare_BodyCare,https://www.oliveyoung.co.kr/store/goods/getGoodsDetail.do?goodsNo=A000000169803&dispCatNo=100000100070011&trackingCd=Cat100000100070011_Small&t_page=카테고리관&t_click=바디케어_전체__상품상세&t_number=50
MensCare_BodyCare,https://www.oliveyoung.co.kr/store/goods/getGoodsDetail.do?goodsNo=A000000172516&dispCatNo=100000100070011&trackingCd=Cat100000100070011_Small&t_page=카테고리관&t_click=바디케어_전체__상품상세&t_number=51
MensCare_BodyCare,https://www.oliveyoung.co.kr/store/goods/getGoodsDetail.do?goodsNo=A000000174379&dispCatNo=100000100070011&trackingCd=Cat100000100070011_Small&t_page=카테고리관&t_click=바디케어_전체__상품상세&t_number=52
MensCare_BodyCare,https://www.oliveyoung.co.kr/store/goods/getGoodsDetail.do?goodsNo=A000000175918&dispCatNo=100000100070011&trackingCd=Cat100000100070011_Small&t_page=카테고리관&t_click=바디케어_전체__상품상세&t_number=53
MensCare_BodyCare,https://www.oliveyoung.co.kr/store/goods/getGoodsDetail.do?goodsNo=A000000175919&dispCatNo=100000100070011&trackingCd=Cat100000100070011_Small&t_page=카테고리관&t_click=바디케어_전체__상품상세&t_number=54
MensCare_BodyCare,https://www.oliveyoung.co.kr/store/goods/getGoodsDetail.do?goodsNo=A000000175920&dispCatNo=100000100070011&trackingCd=Cat100000100070011_Small&t_page=카테고리관&t_click=바디케어_전체__상품상세&t_number=55
MensCare_BodyCare,https://www.oliveyoung.co.kr/store/goods/getGoodsDetail.do?goodsNo=A000000175921&dispCatNo=100000100070011&trackingCd=Cat100000100070011_Small&t_page=카테고리관&t_click=바디케어_전체__상품상세&t_number=56
MensCare_BodyCare,https://www.oliveyoung.co.kr/store/goods/getGoodsDetail.do?goodsNo=A000000175962&dispCatNo=100000100070011&trackingCd=Cat100000100070011_Small&t_page=카테고리관&t_click=바디케어_전체__상품상세&t_number=57
MensCare_BodyCare,https://www.oliveyoung.co.kr/store/goods/getGoodsDetail.do?goodsNo=A000000182135&dispCatNo=100000100070011&trackingCd=Cat100000100070011_Small&t_page=카테고리관&t_click=바디케어_전체__상품상세&t_number=58
MensCare_BodyCare,https://www.oliveyoung.co.kr/store/goods/getGoodsDetail.do?goodsNo=A000000186004&dispCatNo=100000100070011&trackingCd=Cat100000100070011_Small&t_page=카테고리관&t_click=바디케어_전체__상품상세&t_number=59
MensCare_BodyCare,https://www.oliveyoung.co.kr/store/goods/getGoodsDetail.do?goodsNo=A000000187990&dispCatNo=100000100070011&trackingCd=Cat100000100070011_Small&t_page=카테고리관&t_click=바디케어_전체__상품상세&t_number=60
MensCare_BodyCare,https://www.oliveyoung.co.kr/store/goods/getGoodsDetail.do?goodsNo=A000000188826&dispCatNo=100000100070011&trackingCd=Cat100000100070011_Small&t_page=카테고리관&t_click=바디케어_전체__상품상세&t_number=61
MensCare_BodyCare,https://www.oliveyoung.co.kr/store/goods/getGoodsDetail.do?goodsNo=A000000206427&dispCatNo=100000100070011&trackingCd=Cat100000100070011_Small&t_page=카테고리관&t_click=바디케어_전체__상품상세&t_number=62
MensCare_BodyCare,https://www.oliveyoung.co.kr/store/goods/getGoodsDetail.do?goodsNo=A000000206518&dispCatNo=100000100070011&trackingCd=Cat100000100070011_Small&t_page=카테고리관&t_click=바디케어_전체__상품상세&t_number=63
MensCare_BodyCare,https://www.oliveyoung.co.kr/store/goods/getGoodsDetail.do?goodsNo=A000000206519&dispCatNo=100000100070011&trackingCd=Cat100000100070011_Small&t_page=카테고리관&t_click=바디케어_전체__상품상세&t_number=64
MensCare_BodyCare,https://www.oliveyoung.co.kr/store/goods/getGoodsDetail.do?goodsNo=A000000206520&dispCatNo=100000100070011&trackingCd=Cat100000100070011_Small&t_page=카테고리관&t_click=바디케어_전체__상품상세&t_number=65
MensCare_BodyCare,https://www.oliveyoung.co.kr/store/goods/getGoodsDetail.do?goodsNo=A000000208725&dispCatNo=100000100070011&trackingCd=Cat100000100070011_Small&t_page=카테고리관&t_click=바디케어_전체__상품상세&t_number=66
MensCare_BodyCare,https://www.oliveyoung.co.kr/store/goods/getGoodsDetail.do?goodsNo=A000000208726&dispCatNo=100000100070011&trackingCd=Cat100000100070011_Small&t_page=카테고리관&t_click=바디케어_전체__상품상세&t_number=67
MensCare_BodyCare,https://www.oliveyoung.co.kr/store/goods/getGoodsDetail.do?goodsNo=A000000209162&dispCatNo=100000100070011&trackingCd=Cat100000100070011_Small&t_page=카테고리관&t_click=바디케어_전체__상품상세&t_number=68
MensCare_BodyCare,https://www.oliveyoung.co.kr/store/goods/getGoodsDetail.do?goodsNo=A000000209236&dispCatNo=100000100070011&trackingCd=Cat100000100070011_Small&t_page=카테고리관&t_click=바디케어_전체__상품상세&t_number=69
MensCare_BodyCare,https://www.oliveyoung.co.kr/store/goods/getGoodsDetail.do?goodsNo=A000000209263&dispCatNo=100000100070011&trackingCd=Cat100000100070011_Small&t_page=카테고리관&t_click=바디케어_전체__상품상세&t_number=70
MensCare_BodyCare,https://www.oliveyoung.co.kr/store/goods/getGoodsDetail.do?goodsNo=A000000209278&dispCatNo=100000100070011&trackingCd=Cat100000100070011_Small&t_page=카테고리관&t_click=바디케어_전체__상품상세&t_number=71
MensCare_BodyCare,https://www.oliveyoung.co.kr/store/goods/getGoodsDetail.do?goodsNo=A000000209543&dispCatNo=100000100070011&trackingCd=Cat100000100070011_Small&t_page=카테고리관&t_click=바디케어_전체__상품상세&t_number=72
MensCare_BodyCare,https://www.oliveyoung.co.kr/store/goods/getGoodsDetail.do?goodsNo=A000000209545&dispCatNo=100000100070011&trackingCd=Cat100000100070011_Small&t_page=카테고리관&t_click=바디케어_전체__상품상세&t_number=73
MensCare_BodyCare,https://www.oliveyoung.co.kr/store/goods/getGoodsDetail.do?goodsNo=A000000209704&dispCatNo=100000100070011&trackingCd=Cat100000100070011_Small&t_page=카테고리관&t_click=바디케어_전체__상품상세&t_number=74
MensCare_BodyCare,https://www.oliveyoung.co.kr/store/goods/getGoodsDetail.do?goodsNo=A000000211250&dispCatNo=100000100070011&trackingCd=Cat100000100070011_Small&t_page=카테고리관&t_click=바디케어_전체__상품상세&t_number=75
MensCare_BodyCare,https://www.oliveyoung.co.kr/store/goods/getGoodsDetail.do?goodsNo=A000000213944&dispCatNo=100000100070011&trackingCd=Cat100000100070011_Small&t_page=카테고리관&t_click=바디케어_전체__상품상세&t_number=76
MensCare_BodyCare,https://www.oliveyoung.co.kr/store/goods/getGoodsDetail.do?goodsNo=A000000214513&dispCatNo=100000100070011&trackingCd=Cat100000100070011_Small&t_page=카테고리관&t_click=바디케어_전체__상품상세&t_number=77
MensCare_BodyCare,https://www.oliveyoung.co.kr/store/goods/getGoodsDetail.do?goodsNo=A000000214515&dispCatNo=100000100070011&trackingCd=Cat100000100070011_Small&t_page=카테고리관&t_click=바디케어_전체__상품상세&t_number=78
MensCare_BodyCare,https://www.oliveyoung.co.kr/store/goods/getGoodsDetail.do?goodsNo=A000000215548&dispCatNo=100000100070011&trackingCd=Cat100000100070011_Small&t_page=카테고리관&t_click=바디케어_전체__상품상세&t_number=79
MensCare_BodyCare,https://www.oliveyoung.co.kr/store/goods/getGoodsDetail.do?goodsNo=A000000221915&dispCatNo=100000100070011&trackingCd=Cat100000100070011_Small&t_page=카테고리관&t_click=바디케어_전체__상품상세&t_number=80
MensCare_BodyCare,https://www.oliveyoung.co.kr/store/goods/getGoodsDetail.do?goodsNo=A000000223380&dispCatNo=100000100070011&trackingCd=Cat100000100070011_Small&t_page=카테고리관&t_click=바디케어_전체__상품상세&t_number=81
MensCare_BodyCare,https://www.oliveyoung.co.kr/store/goods/getGoodsDetail.do?goodsNo=A000000224541&dispCatNo=100000100070011&trackingCd=Cat100000100070011_Small&t_page=카테고리관&t_click=바디케어_전체__상품상세&t_number=82
MensCare_BodyCare,https://www.oliveyoung.co.kr/store/goods/getGoodsDetail.do?goodsNo=A000000226596&dispCatNo=100000100070011&trackingCd=Cat100000100070011_Small&t_page=카테고리관&t_click=바디케어_전체__상품상세&t_number=83
MensCare_BodyCare,https://www.oliveyoung.co.kr/store/goods/getGoodsDetail.do?goodsNo=A000000227446&dispCatNo=100000100070011&trackingCd=Cat100000100070011_Small&t_page=카테고리관&t_click=바디케어_전체__상품상세&t_number=84
MensCare_BodyCare,https://www.oliveyoung.co.kr/store/goods/getGoodsDetail.do?goodsNo=A000000227601&dispCatNo=100000100070011&trackingCd=Cat100000100070011_Small&t_page=카테고리관&t_click=바디케어_전체__상품상세&t_number=85
MensCare_BodyCare,https://www.oliveyoung.co.kr/store/goods/getGoodsDetail.do?goodsNo=A000000227973&dispCatNo=100000100070011&trackingCd=Cat100000100070011_Small&t_page=카테고리관&t_click=바디케어_전체__상품상세&t_number=86
MensCare_BodyCare,https://www.oliveyoung.co.kr/store/goods/getGoodsDetail.do?goodsNo=A000000228037&dispCatNo=100000100070011&trackingCd=Cat100000100070011_Small&t_page=카테고리관&t_click=바디케어_전체__상품상세&t_number=87
MensCare_BodyCare,https://www.oliveyoung.co.kr/store/goods/getGoodsDetail.do?goodsNo=A000000228634&dispCatNo=100000100070011&trackingCd=Cat100000100070011_Small&t_page=카테고리관&t_click=바디케어_전체__상품상세&t_number=88
MensCare_BodyCare,https://www.oliveyoung.co.kr/store/goods/getGoodsDetail.do?goodsNo=A000000230539&dispCatNo=100000100070011&trackingCd=Cat100000100070011_Small&t_page=카테고리관&t_click=바디케어_전체__상품상세&t_number=89
MensCare_BodyCare,https://www.oliveyoung.co.kr/store/goods/getGoodsDetail.do?goodsNo=B000000223858&dispCatNo=100000100070011&trackingCd=Cat100000100070011_Small&t_page=카테고리관&t_click=바디케어_전체__상품상세&t_number=90
MensCare_BodyCare,https://www.oliveyoung.co.kr/store/goods/getGoodsDetail.do?goodsNo=A000000144531&dispCatNo=100000100070011&trackingCd=Cat100000100070011_Small&t_page=카테고리관&t_click=바디케어_전체__상품상세&t_number=91
MensCare_BodyCare,https://www.oliveyoung.co.kr/store/goods/getGoodsDetail.do?goodsNo=A000000152383&dispCatNo=100000100070011&trackingCd=Cat100000100070011_Small&t_page=카테고리관&t_click=바디케어_전체__상품상세&t_number=92
MensCare_BodyCare,https://www.oliveyoung.co.kr/store/goods/getGoodsDetail.do?goodsNo=A000000152688&dispCatNo=100000100070011&trackingCd=Cat100000100070011_Small&t_page=카테고리관&t_click=바디케어_전체__상품상세&t_number=93
MensCare_BodyCare,https://www.oliveyoung.co.kr/store/goods/getGoodsDetail.do?goodsNo=A000000185669&dispCatNo=100000100070011&trackingCd=Cat100000100070011_Small&t_page=카테고리관&t_click=바디케어_전체__상품상세&t_number=94
MensCare_BodyCare,https://www.oliveyoung.co.kr/store/goods/getGoodsDetail.do?goodsNo=A000000187460&dispCatNo=100000100070011&trackingCd=Cat100000100070011_Small&t_page=카테고리관&t_click=바디케어_전체__상품상세&t_number=95
MensCare_BodyCare,https://www.oliveyoung.co.kr/store/goods/getGoodsDetail.do?goodsNo=A000000188440&dispCatNo=100000100070011&trackingCd=Cat100000100070011_Small&t_page=카테고리관&t_click=바디케어_전체__상품상세&t_number=96
MensCare_BodyCare,https://www.oliveyoung.co.kr/store/goods/getGoodsDetail.do?goodsNo=A000000194679&dispCatNo=100000100070011&trackingCd=Cat100000100070011_Small&t_page=카테고리관&t_click=바디케어_전체__상품상세&t_number=97
MensCare_BodyCare,https://www.oliveyoung.co.kr/store/goods/getGoodsDetail.do?goodsNo=A000000205912&dispCatNo=100000100070011&trackingCd=Cat100000100070011_Small&t_page=카테고리관&t_click=바디케어_전체__상품상세&t_number=98
